date,value,geo,nace_r2,s_adj,unit,indic_bt,loaded_at
1994-01-01,64.8,DE,G47,CA,I21,NETTUR,2026-08-02T19:52:14.408588
1994-02-01,62.7,DE,G47,CA,I21,NETTUR,2026-08-02T19:52:14.408588
1994-03-01,69.8,DE,G47,CA,I21,NETTUR,2026-08-02T19:52:14.408588
1994-04-01,68.0,DE,G47,CA,I21,NETTUR,2026-08-02T19:52:14.408588
1994-05-01,66.1,DE,G47,CA,I21,NETTUR,2026-08-02T19:52:14.408588
1994-06-01,62.6,DE,G47,CA,I21,NETTUR,2026-08-02T19:52:14.408588
1994-07-01,64.1,DE,G47,CA,I21,NETTUR,2026-08-02T19:52:14.408588
1994-08-01,63.3,DE,G47,CA,I21,NETTUR,2026-08-02T19:52:14.408588
1994-09-01,66.3,DE,G47,CA,I21,NETTUR,2026-08-02T19:52:14.408588
1994-10-01,68.9,DE,G47,CA,I21,NETTUR,2026-08-02T19:52:14.408588
1994-11-01,71.1,DE,G47,CA,I21,NETTUR,2026-08-02T19:52:14.408588
1994-12-01,86.2,DE,G47,CA,I21,NETTUR,2026-08-02T19:52:14.408588
1995-01-01,64.8,DE,G47,CA,I21,NETTUR,2026-08-02T19:52:14.408588
1995-02-01,64.3,DE,G47,CA,I21,NETTUR,2026-08-02T19:52:14.408588
1995-03-01,70.7,DE,G47,CA,I21,NETTUR,2026-08-02T19:52:14.408588
1995-04-01,69.1,DE,G47,CA,I21,NETTUR,2026-08-02T19:52:14.408588
1995-05-01,68.9,DE,G47,CA,I21,NETTUR,2026-08-02T19:52:14.408588
1995-06-01,64.8,DE,G47,CA,I21,NETTUR,2026-08-02T19:52:14.408588
1995-07-01,65.8,DE,G47,CA,I21,NETTUR,2026-08-02T19:52:14.408588
1995-08-01,64.4,DE,G47,CA,I21,NETTUR,2026-08-02T19:52:14.408588
1995-09-01,66.6,DE,G47,CA,I21,NETTUR,2026-08-02T19:52:14.408588
1995-10-01,68.8,DE,G47,CA,I21,NETTUR,2026-08-02T19:52:14.408588
1995-11-01,72.2,DE,G47,CA,I21,NETTUR,2026-08-02T19:52:14.408588
1995-12-01,84.9,DE,G47,CA,I21,NETTUR,2026-08-02T19:52:14.408588
1996-01-01,65.6,DE,G47,CA,I21,NETTUR,2026-08-02T19:52:14.408588
1996-02-01,63.2,DE,G47,CA,I21,NETTUR,2026-08-02T19:52:14.408588
1996-03-01,69.7,DE,G47,CA,I21,NETTUR,2026-08-02T19:52:14.408588
1996-04-01,70.5,DE,G47,CA,I21,NETTUR,2026-08-02T19:52:14.408588
1996-05-01,68.0,DE,G47,CA,I21,NETTUR,2026-08-02T19:52:14.408588
1996-06-01,63.6,DE,G47,CA,I21,NETTUR,2026-08-02T19:52:14.408588
1996-07-01,66.5,DE,G47,CA,I21,NETTUR,2026-08-02T19:52:14.408588
1996-08-01,64.3,DE,G47,CA,I21,NETTUR,2026-08-02T19:52:14.408588
1996-09-01,67.2,DE,G47,CA,I21,NETTUR,2026-08-02T19:52:14.408588
1996-10-01,69.6,DE,G47,CA,I21,NETTUR,2026-08-02T19:52:14.408588
1996-11-01,72.1,DE,G47,CA,I21,NETTUR,2026-08-02T19:52:14.408588
1996-12-01,84.0,DE,G47,CA,I21,NETTUR,2026-08-02T19:52:14.408588
1997-01-01,66.7,DE,G47,CA,I21,NETTUR,2026-08-02T19:52:14.408588
1997-02-01,62.9,DE,G47,CA,I21,NETTUR,2026-08-02T19:52:14.408588
1997-03-01,69.4,DE,G47,CA,I21,NETTUR,2026-08-02T19:52:14.408588
1997-04-01,69.3,DE,G47,CA,I21,NETTUR,2026-08-02T19:52:14.408588
1997-05-01,67.4,DE,G47,CA,I21,NETTUR,2026-08-02T19:52:14.408588
1997-06-01,64.1,DE,G47,CA,I21,NETTUR,2026-08-02T19:52:14.408588
1997-07-01,65.7,DE,G47,CA,I21,NETTUR,2026-08-02T19:52:14.408588
1997-08-01,61.9,DE,G47,CA,I21,NETTUR,2026-08-02T19:52:14.408588
1997-09-01,65.4,DE,G47,CA,I21,NETTUR,2026-08-02T19:52:14.408588
1997-10-01,70.2,DE,G47,CA,I21,NETTUR,2026-08-02T19:52:14.408588
1997-11-01,71.0,DE,G47,CA,I21,NETTUR,2026-08-02T19:52:14.408588
1997-12-01,83.5,DE,G47,CA,I21,NETTUR,2026-08-02T19:52:14.408588
1998-01-01,65.5,DE,G47,CA,I21,NETTUR,2026-08-02T19:52:14.408588
1998-02-01,62.7,DE,G47,CA,I21,NETTUR,2026-08-02T19:52:14.408588
1998-03-01,70.9,DE,G47,CA,I21,NETTUR,2026-08-02T19:52:14.408588
1998-04-01,69.2,DE,G47,CA,I21,NETTUR,2026-08-02T19:52:14.408588
1998-05-01,68.2,DE,G47,CA,I21,NETTUR,2026-08-02T19:52:14.408588
1998-06-01,63.0,DE,G47,CA,I21,NETTUR,2026-08-02T19:52:14.408588
1998-07-01,66.9,DE,G47,CA,I21,NETTUR,2026-08-02T19:52:14.408588
1998-08-01,63.5,DE,G47,CA,I21,NETTUR,2026-08-02T19:52:14.408588
1998-09-01,65.9,DE,G47,CA,I21,NETTUR,2026-08-02T19:52:14.408588
1998-10-01,69.3,DE,G47,CA,I21,NETTUR,2026-08-02T19:52:14.408588
1998-11-01,73.1,DE,G47,CA,I21,NETTUR,2026-08-02T19:52:14.408588
1998-12-01,84.6,DE,G47,CA,I21,NETTUR,2026-08-02T19:52:14.408588
1999-01-01,65.9,DE,G47,CA,I21,NETTUR,2026-08-02T19:52:14.408588
1999-02-01,62.9,DE,G47,CA,I21,NETTUR,2026-08-02T19:52:14.408588
1999-03-01,70.9,DE,G47,CA,I21,NETTUR,2026-08-02T19:52:14.408588
1999-04-01,69.0,DE,G47,CA,I21,NETTUR,2026-08-02T19:52:14.408588
1999-05-01,67.7,DE,G47,CA,I21,NETTUR,2026-08-02T19:52:14.408588
1999-06-01,63.9,DE,G47,CA,I21,NETTUR,2026-08-02T19:52:14.408588
1999-07-01,66.2,DE,G47,CA,I21,NETTUR,2026-08-02T19:52:14.408588
1999-08-01,64.6,DE,G47,CA,I21,NETTUR,2026-08-02T19:52:14.408588
1999-09-01,64.8,DE,G47,CA,I21,NETTUR,2026-08-02T19:52:14.408588
1999-10-01,70.5,DE,G47,CA,I21,NETTUR,2026-08-02T19:52:14.408588
1999-11-01,72.3,DE,G47,CA,I21,NETTUR,2026-08-02T19:52:14.408588
1999-12-01,85.1,DE,G47,CA,I21,NETTUR,2026-08-02T19:52:14.408588
2000-01-01,66.2,DE,G47,CA,I21,NETTUR,2026-08-02T19:52:14.408588
2000-02-01,64.7,DE,G47,CA,I21,NETTUR,2026-08-02T19:52:14.408588
2000-03-01,71.1,DE,G47,CA,I21,NETTUR,2026-08-02T19:52:14.408588
2000-04-01,71.5,DE,G47,CA,I21,NETTUR,2026-08-02T19:52:14.408588
2000-05-01,70.9,DE,G47,CA,I21,NETTUR,2026-08-02T19:52:14.408588
2000-06-01,65.1,DE,G47,CA,I21,NETTUR,2026-08-02T19:52:14.408588
2000-07-01,67.8,DE,G47,CA,I21,NETTUR,2026-08-02T19:52:14.408588
2000-08-01,65.6,DE,G47,CA,I21,NETTUR,2026-08-02T19:52:14.408588
2000-09-01,67.5,DE,G47,CA,I21,NETTUR,2026-08-02T19:52:14.408588
2000-10-01,71.3,DE,G47,CA,I21,NETTUR,2026-08-02T19:52:14.408588
2000-11-01,73.5,DE,G47,CA,I21,NETTUR,2026-08-02T19:52:14.408588
2000-12-01,85.5,DE,G47,CA,I21,NETTUR,2026-08-02T19:52:14.408588
2001-01-01,68.3,DE,G47,CA,I21,NETTUR,2026-08-02T19:52:14.408588
2001-02-01,64.3,DE,G47,CA,I21,NETTUR,2026-08-02T19:52:14.408588
2001-03-01,72.7,DE,G47,CA,I21,NETTUR,2026-08-02T19:52:14.408588
2001-04-01,72.4,DE,G47,CA,I21,NETTUR,2026-08-02T19:52:14.408588
2001-05-01,71.7,DE,G47,CA,I21,NETTUR,2026-08-02T19:52:14.408588
2001-06-01,66.6,DE,G47,CA,I21,NETTUR,2026-08-02T19:52:14.408588
2001-07-01,68.8,DE,G47,CA,I21,NETTUR,2026-08-02T19:52:14.408588
2001-08-01,66.3,DE,G47,CA,I21,NETTUR,2026-08-02T19:52:14.408588
2001-09-01,68.3,DE,G47,CA,I21,NETTUR,2026-08-02T19:52:14.408588
2001-10-01,70.7,DE,G47,CA,I21,NETTUR,2026-08-02T19:52:14.408588
2001-11-01,74.5,DE,G47,CA,I21,NETTUR,2026-08-02T19:52:14.408588
2001-12-01,84.7,DE,G47,CA,I21,NETTUR,2026-08-02T19:52:14.408588
2002-01-01,65.6,DE,G47,CA,I21,NETTUR,2026-08-02T19:52:14.408588
2002-02-01,62.9,DE,G47,CA,I21,NETTUR,2026-08-02T19:52:14.408588
2002-03-01,71.0,DE,G47,CA,I21,NETTUR,2026-08-02T19:52:14.408588
2002-04-01,71.4,DE,G47,CA,I21,NETTUR,2026-08-02T19:52:14.408588
2002-05-01,70.0,DE,G47,CA,I21,NETTUR,2026-08-02T19:52:14.408588
2002-06-01,64.5,DE,G47,CA,I21,NETTUR,2026-08-02T19:52:14.408588
2002-07-01,67.8,DE,G47,CA,I21,NETTUR,2026-08-02T19:52:14.408588
2002-08-01,65.0,DE,G47,CA,I21,NETTUR,2026-08-02T19:52:14.408588
2002-09-01,67.8,DE,G47,CA,I21,NETTUR,2026-08-02T19:52:14.408588
2002-10-01,71.4,DE,G47,CA,I21,NETTUR,2026-08-02T19:52:14.408588
2002-11-01,71.7,DE,G47,CA,I21,NETTUR,2026-08-02T19:52:14.408588
2002-12-01,82.7,DE,G47,CA,I21,NETTUR,2026-08-02T19:52:14.408588
2003-01-01,65.1,DE,G47,CA,I21,NETTUR,2026-08-02T19:52:14.408588
2003-02-01,62.5,DE,G47,CA,I21,NETTUR,2026-08-02T19:52:14.408588
2003-03-01,70.3,DE,G47,CA,I21,NETTUR,2026-08-02T19:52:14.408588
2003-04-01,70.3,DE,G47,CA,I21,NETTUR,2026-08-02T19:52:14.408588
2003-05-01,68.8,DE,G47,CA,I21,NETTUR,2026-08-02T19:52:14.408588
2003-06-01,64.9,DE,G47,CA,I21,NETTUR,2026-08-02T19:52:14.408588
2003-07-01,66.8,DE,G47,CA,I21,NETTUR,2026-08-02T19:52:14.408588
2003-08-01,64.2,DE,G47,CA,I21,NETTUR,2026-08-02T19:52:14.408588
2003-09-01,66.8,DE,G47,CA,I21,NETTUR,2026-08-02T19:52:14.408588
2003-10-01,71.1,DE,G47,CA,I21,NETTUR,2026-08-02T19:52:14.408588
2003-11-01,71.4,DE,G47,CA,I21,NETTUR,2026-08-02T19:52:14.408588
2003-12-01,82.1,DE,G47,CA,I21,NETTUR,2026-08-02T19:52:14.408588
2004-01-01,65.5,DE,G47,CA,I21,NETTUR,2026-08-02T19:52:14.408588
2004-02-01,62.7,DE,G47,CA,I21,NETTUR,2026-08-02T19:52:14.408588
2004-03-01,71.7,DE,G47,CA,I21,NETTUR,2026-08-02T19:52:14.408588
2004-04-01,72.0,DE,G47,CA,I21,NETTUR,2026-08-02T19:52:14.408588
2004-05-01,69.0,DE,G47,CA,I21,NETTUR,2026-08-02T19:52:14.408588
2004-06-01,66.6,DE,G47,CA,I21,NETTUR,2026-08-02T19:52:14.408588
2004-07-01,68.3,DE,G47,CA,I21,NETTUR,2026-08-02T19:52:14.408588
2004-08-01,65.9,DE,G47,CA,I21,NETTUR,2026-08-02T19:52:14.408588
2004-09-01,67.7,DE,G47,CA,I21,NETTUR,2026-08-02T19:52:14.408588
2004-10-01,71.4,DE,G47,CA,I21,NETTUR,2026-08-02T19:52:14.408588
2004-11-01,72.9,DE,G47,CA,I21,NETTUR,2026-08-02T19:52:14.408588
2004-12-01,83.1,DE,G47,CA,I21,NETTUR,2026-08-02T19:52:14.408588
2005-01-01,68.0,DE,G47,CA,I21,NETTUR,2026-08-02T19:52:14.408588
2005-02-01,63.9,DE,G47,CA,I21,NETTUR,2026-08-02T19:52:14.408588
2005-03-01,72.9,DE,G47,CA,I21,NETTUR,2026-08-02T19:52:14.408588
2005-04-01,71.8,DE,G47,CA,I21,NETTUR,2026-08-02T19:52:14.408588
2005-05-01,70.5,DE,G47,CA,I21,NETTUR,2026-08-02T19:52:14.408588
2005-06-01,67.7,DE,G47,CA,I21,NETTUR,2026-08-02T19:52:14.408588
2005-07-01,68.9,DE,G47,CA,I21,NETTUR,2026-08-02T19:52:14.408588
2005-08-01,67.7,DE,G47,CA,I21,NETTUR,2026-08-02T19:52:14.408588
2005-09-01,68.9,DE,G47,CA,I21,NETTUR,2026-08-02T19:52:14.408588
2005-10-01,72.5,DE,G47,CA,I21,NETTUR,2026-08-02T19:52:14.408588
2005-11-01,73.6,DE,G47,CA,I21,NETTUR,2026-08-02T19:52:14.408588
2005-12-01,83.8,DE,G47,CA,I21,NETTUR,2026-08-02T19:52:14.408588
2006-01-01,67.5,DE,G47,CA,I21,NETTUR,2026-08-02T19:52:14.408588
2006-02-01,64.5,DE,G47,CA,I21,NETTUR,2026-08-02T19:52:14.408588
2006-03-01,72.4,DE,G47,CA,I21,NETTUR,2026-08-02T19:52:14.408588
2006-04-01,72.7,DE,G47,CA,I21,NETTUR,2026-08-02T19:52:14.408588
2006-05-01,72.3,DE,G47,CA,I21,NETTUR,2026-08-02T19:52:14.408588
2006-06-01,68.9,DE,G47,CA,I21,NETTUR,2026-08-02T19:52:14.408588
2006-07-01,69.5,DE,G47,CA,I21,NETTUR,2026-08-02T19:52:14.408588
2006-08-01,68.8,DE,G47,CA,I21,NETTUR,2026-08-02T19:52:14.408588
2006-09-01,68.5,DE,G47,CA,I21,NETTUR,2026-08-02T19:52:14.408588
2006-10-01,72.6,DE,G47,CA,I21,NETTUR,2026-08-02T19:52:14.408588
2006-11-01,73.7,DE,G47,CA,I21,NETTUR,2026-08-02T19:52:14.408588
2006-12-01,86.9,DE,G47,CA,I21,NETTUR,2026-08-02T19:52:14.408588
2007-01-01,65.9,DE,G47,CA,I21,NETTUR,2026-08-02T19:52:14.408588
2007-02-01,64.0,DE,G47,CA,I21,NETTUR,2026-08-02T19:52:14.408588
2007-03-01,72.1,DE,G47,CA,I21,NETTUR,2026-08-02T19:52:14.408588
2007-04-01,73.7,DE,G47,CA,I21,NETTUR,2026-08-02T19:52:14.408588
2007-05-01,69.7,DE,G47,CA,I21,NETTUR,2026-08-02T19:52:14.408588
2007-06-01,67.1,DE,G47,CA,I21,NETTUR,2026-08-02T19:52:14.408588
2007-07-01,68.5,DE,G47,CA,I21,NETTUR,2026-08-02T19:52:14.408588
2007-08-01,67.4,DE,G47,CA,I21,NETTUR,2026-08-02T19:52:14.408588
2007-09-01,68.5,DE,G47,CA,I21,NETTUR,2026-08-02T19:52:14.408588
2007-10-01,72.4,DE,G47,CA,I21,NETTUR,2026-08-02T19:52:14.408588
2007-11-01,72.7,DE,G47,CA,I21,NETTUR,2026-08-02T19:52:14.408588
2007-12-01,81.9,DE,G47,CA,I21,NETTUR,2026-08-02T19:52:14.408588
2008-01-01,68.5,DE,G47,CA,I21,NETTUR,2026-08-02T19:52:14.408588
2008-02-01,65.6,DE,G47,CA,I21,NETTUR,2026-08-02T19:52:14.408588
2008-03-01,72.6,DE,G47,CA,I21,NETTUR,2026-08-02T19:52:14.408588
2008-04-01,72.4,DE,G47,CA,I21,NETTUR,2026-08-02T19:52:14.408588
2008-05-01,72.2,DE,G47,CA,I21,NETTUR,2026-08-02T19:52:14.408588
2008-06-01,68.1,DE,G47,CA,I21,NETTUR,2026-08-02T19:52:14.408588
2008-07-01,69.9,DE,G47,CA,I21,NETTUR,2026-08-02T19:52:14.408588
2008-08-01,69.1,DE,G47,CA,I21,NETTUR,2026-08-02T19:52:14.408588
2008-09-01,71.0,DE,G47,CA,I21,NETTUR,2026-08-02T19:52:14.408588
2008-10-01,73.5,DE,G47,CA,I21,NETTUR,2026-08-02T19:52:14.408588
2008-11-01,73.5,DE,G47,CA,I21,NETTUR,2026-08-02T19:52:14.408588
2008-12-01,83.8,DE,G47,CA,I21,NETTUR,2026-08-02T19:52:14.408588
2009-01-01,66.0,DE,G47,CA,I21,NETTUR,2026-08-02T19:52:14.408588
2009-02-01,62.7,DE,G47,CA,I21,NETTUR,2026-08-02T19:52:14.408588
2009-03-01,70.3,DE,G47,CA,I21,NETTUR,2026-08-02T19:52:14.408588
2009-04-01,72.3,DE,G47,CA,I21,NETTUR,2026-08-02T19:52:14.408588
2009-05-01,69.8,DE,G47,CA,I21,NETTUR,2026-08-02T19:52:14.408588
2009-06-01,65.4,DE,G47,CA,I21,NETTUR,2026-08-02T19:52:14.408588
2009-07-01,67.6,DE,G47,CA,I21,NETTUR,2026-08-02T19:52:14.408588
2009-08-01,65.8,DE,G47,CA,I21,NETTUR,2026-08-02T19:52:14.408588
2009-09-01,67.4,DE,G47,CA,I21,NETTUR,2026-08-02T19:52:14.408588
2009-10-01,71.1,DE,G47,CA,I21,NETTUR,2026-08-02T19:52:14.408588
2009-11-01,70.8,DE,G47,CA,I21,NETTUR,2026-08-02T19:52:14.408588
2009-12-01,82.3,DE,G47,CA,I21,NETTUR,2026-08-02T19:52:14.408588
2010-01-01,65.1,DE,G47,CA,I21,NETTUR,2026-08-02T19:52:14.408588
2010-02-01,63.2,DE,G47,CA,I21,NETTUR,2026-08-02T19:52:14.408588
2010-03-01,72.0,DE,G47,CA,I21,NETTUR,2026-08-02T19:52:14.408588
2010-04-01,71.4,DE,G47,CA,I21,NETTUR,2026-08-02T19:52:14.408588
2010-05-01,71.3,DE,G47,CA,I21,NETTUR,2026-08-02T19:52:14.408588
2010-06-01,68.3,DE,G47,CA,I21,NETTUR,2026-08-02T19:52:14.408588
2010-07-01,70.4,DE,G47,CA,I21,NETTUR,2026-08-02T19:52:14.408588
2010-08-01,68.4,DE,G47,CA,I21,NETTUR,2026-08-02T19:52:14.408588
2010-09-01,69.1,DE,G47,CA,I21,NETTUR,2026-08-02T19:52:14.408588
2010-10-01,73.0,DE,G47,CA,I21,NETTUR,2026-08-02T19:52:14.408588
2010-11-01,72.9,DE,G47,CA,I21,NETTUR,2026-08-02T19:52:14.408588
2010-12-01,83.3,DE,G47,CA,I21,NETTUR,2026-08-02T19:52:14.408588
2011-01-01,68.0,DE,G47,CA,I21,NETTUR,2026-08-02T19:52:14.408588
2011-02-01,66.4,DE,G47,CA,I21,NETTUR,2026-08-02T19:52:14.408588
2011-03-01,73.0,DE,G47,CA,I21,NETTUR,2026-08-02T19:52:14.408588
2011-04-01,74.0,DE,G47,CA,I21,NETTUR,2026-08-02T19:52:14.408588
2011-05-01,71.6,DE,G47,CA,I21,NETTUR,2026-08-02T19:52:14.408588
2011-06-01,70.1,DE,G47,CA,I21,NETTUR,2026-08-02T19:52:14.408588
2011-07-01,72.0,DE,G47,CA,I21,NETTUR,2026-08-02T19:52:14.408588
2011-08-01,70.1,DE,G47,CA,I21,NETTUR,2026-08-02T19:52:14.408588
2011-09-01,71.2,DE,G47,CA,I21,NETTUR,2026-08-02T19:52:14.408588
2011-10-01,75.3,DE,G47,CA,I21,NETTUR,2026-08-02T19:52:14.408588
2011-11-01,74.9,DE,G47,CA,I21,NETTUR,2026-08-02T19:52:14.408588
2011-12-01,85.2,DE,G47,CA,I21,NETTUR,2026-08-02T19:52:14.408588
2012-01-01,68.6,DE,G47,CA,I21,NETTUR,2026-08-02T19:52:14.408588
2012-02-01,66.8,DE,G47,CA,I21,NETTUR,2026-08-02T19:52:14.408588
2012-03-01,75.9,DE,G47,CA,I21,NETTUR,2026-08-02T19:52:14.408588
2012-04-01,75.5,DE,G47,CA,I21,NETTUR,2026-08-02T19:52:14.408588
2012-05-01,74.8,DE,G47,CA,I21,NETTUR,2026-08-02T19:52:14.408588
2012-06-01,72.3,DE,G47,CA,I21,NETTUR,2026-08-02T19:52:14.408588
2012-07-01,73.1,DE,G47,CA,I21,NETTUR,2026-08-02T19:52:14.408588
2012-08-01,71.1,DE,G47,CA,I21,NETTUR,2026-08-02T19:52:14.408588
2012-09-01,72.8,DE,G47,CA,I21,NETTUR,2026-08-02T19:52:14.408588
2012-10-01,75.9,DE,G47,CA,I21,NETTUR,2026-08-02T19:52:14.408588
2012-11-01,76.1,DE,G47,CA,I21,NETTUR,2026-08-02T19:52:14.408588
2012-12-01,85.7,DE,G47,CA,I21,NETTUR,2026-08-02T19:52:14.408588
2013-01-01,70.8,DE,G47,CA,I21,NETTUR,2026-08-02T19:52:14.408588
2013-02-01,67.6,DE,G47,CA,I21,NETTUR,2026-08-02T19:52:14.408588
2013-03-01,76.5,DE,G47,CA,I21,NETTUR,2026-08-02T19:52:14.408588
2013-04-01,76.8,DE,G47,CA,I21,NETTUR,2026-08-02T19:52:14.408588
2013-05-01,76.4,DE,G47,CA,I21,NETTUR,2026-08-02T19:52:14.408588
2013-06-01,73.3,DE,G47,CA,I21,NETTUR,2026-08-02T19:52:14.408588
2013-07-01,75.0,DE,G47,CA,I21,NETTUR,2026-08-02T19:52:14.408588
2013-08-01,72.3,DE,G47,CA,I21,NETTUR,2026-08-02T19:52:14.408588
2013-09-01,73.7,DE,G47,CA,I21,NETTUR,2026-08-02T19:52:14.408588
2013-10-01,76.5,DE,G47,CA,I21,NETTUR,2026-08-02T19:52:14.408588
2013-11-01,78.0,DE,G47,CA,I21,NETTUR,2026-08-02T19:52:14.408588
2013-12-01,86.7,DE,G47,CA,I21,NETTUR,2026-08-02T19:52:14.408588
2014-01-01,72.2,DE,G47,CA,I21,NETTUR,2026-08-02T19:52:14.408588
2014-02-01,69.8,DE,G47,CA,I21,NETTUR,2026-08-02T19:52:14.408588
2014-03-01,78.8,DE,G47,CA,I21,NETTUR,2026-08-02T19:52:14.408588
2014-04-01,78.3,DE,G47,CA,I21,NETTUR,2026-08-02T19:52:14.408588
2014-05-01,76.6,DE,G47,CA,I21,NETTUR,2026-08-02T19:52:14.408588
2014-06-01,75.0,DE,G47,CA,I21,NETTUR,2026-08-02T19:52:14.408588
2014-07-01,75.5,DE,G47,CA,I21,NETTUR,2026-08-02T19:52:14.408588
2014-08-01,74.0,DE,G47,CA,I21,NETTUR,2026-08-02T19:52:14.408588
2014-09-01,73.9,DE,G47,CA,I21,NETTUR,2026-08-02T19:52:14.408588
2014-10-01,78.1,DE,G47,CA,I21,NETTUR,2026-08-02T19:52:14.408588
2014-11-01,78.9,DE,G47,CA,I21,NETTUR,2026-08-02T19:52:14.408588
2014-12-01,89.1,DE,G47,CA,I21,NETTUR,2026-08-02T19:52:14.408588
2015-01-01,73.8,DE,G47,CA,I21,NETTUR,2026-08-02T19:52:14.408588
2015-02-01,71.4,DE,G47,CA,I21,NETTUR,2026-08-02T19:52:14.408588
2015-03-01,80.1,DE,G47,CA,I21,NETTUR,2026-08-02T19:52:14.408588
2015-04-01,80.4,DE,G47,CA,I21,NETTUR,2026-08-02T19:52:14.408588
2015-05-01,81.2,DE,G47,CA,I21,NETTUR,2026-08-02T19:52:14.408588
2015-06-01,77.6,DE,G47,CA,I21,NETTUR,2026-08-02T19:52:14.408588
2015-07-01,80.0,DE,G47,CA,I21,NETTUR,2026-08-02T19:52:14.408588
2015-08-01,77.1,DE,G47,CA,I21,NETTUR,2026-08-02T19:52:14.408588
2015-09-01,77.6,DE,G47,CA,I21,NETTUR,2026-08-02T19:52:14.408588
2015-10-01,81.3,DE,G47,CA,I21,NETTUR,2026-08-02T19:52:14.408588
2015-11-01,83.3,DE,G47,CA,I21,NETTUR,2026-08-02T19:52:14.408588
2015-12-01,95.2,DE,G47,CA,I21,NETTUR,2026-08-02T19:52:14.408588
2016-01-01,76.9,DE,G47,CA,I21,NETTUR,2026-08-02T19:52:14.408588
2016-02-01,74.2,DE,G47,CA,I21,NETTUR,2026-08-02T19:52:14.408588
2016-03-01,82.3,DE,G47,CA,I21,NETTUR,2026-08-02T19:52:14.408588
2016-04-01,82.0,DE,G47,CA,I21,NETTUR,2026-08-02T19:52:14.408588
2016-05-01,81.9,DE,G47,CA,I21,NETTUR,2026-08-02T19:52:14.408588
2016-06-01,79.0,DE,G47,CA,I21,NETTUR,2026-08-02T19:52:14.408588
2016-07-01,81.5,DE,G47,CA,I21,NETTUR,2026-08-02T19:52:14.408588
2016-08-01,78.5,DE,G47,CA,I21,NETTUR,2026-08-02T19:52:14.408588
2016-09-01,78.6,DE,G47,CA,I21,NETTUR,2026-08-02T19:52:14.408588
2016-10-01,84.9,DE,G47,CA,I21,NETTUR,2026-08-02T19:52:14.408588
2016-11-01,85.3,DE,G47,CA,I21,NETTUR,2026-08-02T19:52:14.408588
2016-12-01,98.3,DE,G47,CA,I21,NETTUR,2026-08-02T19:52:14.408588
2017-01-01,79.0,DE,G47,CA,I21,NETTUR,2026-08-02T19:52:14.408588
2017-02-01,77.2,DE,G47,CA,I21,NETTUR,2026-08-02T19:52:14.408588
2017-03-01,87.5,DE,G47,CA,I21,NETTUR,2026-08-02T19:52:14.408588
2017-04-01,87.1,DE,G47,CA,I21,NETTUR,2026-08-02T19:52:14.408588
2017-05-01,86.5,DE,G47,CA,I21,NETTUR,2026-08-02T19:52:14.408588
2017-06-01,84.1,DE,G47,CA,I21,NETTUR,2026-08-02T19:52:14.408588
2017-07-01,85.4,DE,G47,CA,I21,NETTUR,2026-08-02T19:52:14.408588
2017-08-01,81.8,DE,G47,CA,I21,NETTUR,2026-08-02T19:52:14.408588
2017-09-01,84.0,DE,G47,CA,I21,NETTUR,2026-08-02T19:52:14.408588
2017-10-01,86.2,DE,G47,CA,I21,NETTUR,2026-08-02T19:52:14.408588
2017-11-01,90.6,DE,G47,CA,I21,NETTUR,2026-08-02T19:52:14.408588
2017-12-01,101.9,DE,G47,CA,I21,NETTUR,2026-08-02T19:52:14.408588
2018-01-01,81.8,DE,G47,CA,I21,NETTUR,2026-08-02T19:52:14.408588
2018-02-01,79.0,DE,G47,CA,I21,NETTUR,2026-08-02T19:52:14.408588
2018-03-01,88.4,DE,G47,CA,I21,NETTUR,2026-08-02T19:52:14.408588
2018-04-01,92.2,DE,G47,CA,I21,NETTUR,2026-08-02T19:52:14.408588
2018-05-01,89.4,DE,G47,CA,I21,NETTUR,2026-08-02T19:52:14.408588
2018-06-01,87.2,DE,G47,CA,I21,NETTUR,2026-08-02T19:52:14.408588
2018-07-01,88.0,DE,G47,CA,I21,NETTUR,2026-08-02T19:52:14.408588
2018-08-01,84.8,DE,G47,CA,I21,NETTUR,2026-08-02T19:52:14.408588
2018-09-01,85.9,DE,G47,CA,I21,NETTUR,2026-08-02T19:52:14.408588
2018-10-01,90.1,DE,G47,CA,I21,NETTUR,2026-08-02T19:52:14.408588
2018-11-01,94.0,DE,G47,CA,I21,NETTUR,2026-08-02T19:52:14.408588
2018-12-01,101.9,DE,G47,CA,I21,NETTUR,2026-08-02T19:52:14.408588
2019-01-01,85.6,DE,G47,CA,I21,NETTUR,2026-08-02T19:52:14.408588
2019-02-01,83.9,DE,G47,CA,I21,NETTUR,2026-08-02T19:52:14.408588
2019-03-01,92.9,DE,G47,CA,I21,NETTUR,2026-08-02T19:52:14.408588
2019-04-01,93.7,DE,G47,CA,I21,NETTUR,2026-08-02T19:52:14.408588
2019-05-01,91.4,DE,G47,CA,I21,NETTUR,2026-08-02T19:52:14.408588
2019-06-01,91.7,DE,G47,CA,I21,NETTUR,2026-08-02T19:52:14.408588
2019-07-01,91.7,DE,G47,CA,I21,NETTUR,2026-08-02T19:52:14.408588
2019-08-01,88.4,DE,G47,CA,I21,NETTUR,2026-08-02T19:52:14.408588
2019-09-01,89.3,DE,G47,CA,I21,NETTUR,2026-08-02T19:52:14.408588
2019-10-01,92.3,DE,G47,CA,I21,NETTUR,2026-08-02T19:52:14.408588
2019-11-01,97.4,DE,G47,CA,I21,NETTUR,2026-08-02T19:52:14.408588
2019-12-01,105.5,DE,G47,CA,I21,NETTUR,2026-08-02T19:52:14.408588
2020-01-01,88.5,DE,G47,CA,I21,NETTUR,2026-08-02T19:52:14.408588
2020-02-01,87.3,DE,G47,CA,I21,NETTUR,2026-08-02T19:52:14.408588
2020-03-01,95.3,DE,G47,CA,I21,NETTUR,2026-08-02T19:52:14.408588
2020-04-01,90.3,DE,G47,CA,I21,NETTUR,2026-08-02T19:52:14.408588
2020-05-01,100.6,DE,G47,CA,I21,NETTUR,2026-08-02T19:52:14.408588
2020-06-01,96.8,DE,G47,CA,I21,NETTUR,2026-08-02T19:52:14.408588
2020-07-01,98.3,DE,G47,CA,I21,NETTUR,2026-08-02T19:52:14.408588
2020-08-01,96.4,DE,G47,CA,I21,NETTUR,2026-08-02T19:52:14.408588
2020-09-01,95.2,DE,G47,CA,I21,NETTUR,2026-08-02T19:52:14.408588
2020-10-01,102.6,DE,G47,CA,I21,NETTUR,2026-08-02T19:52:14.408588
2020-11-01,108.8,DE,G47,CA,I21,NETTUR,2026-08-02T19:52:14.408588
2020-12-01,111.2,DE,G47,CA,I21,NETTUR,2026-08-02T19:52:14.408588
2021-01-01,83.3,DE,G47,CA,I21,NETTUR,2026-08-02T19:52:14.408588
2021-02-01,84.8,DE,G47,CA,I21,NETTUR,2026-08-02T19:52:14.408588
2021-03-01,104.4,DE,G47,CA,I21,NETTUR,2026-08-02T19:52:14.408588
2021-04-01,97.3,DE,G47,CA,I21,NETTUR,2026-08-02T19:52:14.408588
2021-05-01,101.6,DE,G47,CA,I21,NETTUR,2026-08-02T19:52:14.408588
2021-06-01,103.4,DE,G47,CA,I21,NETTUR,2026-08-02T19:52:14.408588
2021-07-01,100.4,DE,G47,CA,I21,NETTUR,2026-08-02T19:52:14.408588
2021-08-01,98.0,DE,G47,CA,I21,NETTUR,2026-08-02T19:52:14.408588
2021-09-01,96.4,DE,G47,CA,I21,NETTUR,2026-08-02T19:52:14.408588
2021-10-01,104.3,DE,G47,CA,I21,NETTUR,2026-08-02T19:52:14.408588
2021-11-01,110.1,DE,G47,CA,I21,NETTUR,2026-08-02T19:52:14.408588
2021-12-01,115.8,DE,G47,CA,I21,NETTUR,2026-08-02T19:52:14.408588
2022-01-01,98.8,DE,G47,CA,I21,NETTUR,2026-08-02T19:52:14.408588
2022-02-01,96.6,DE,G47,CA,I21,NETTUR,2026-08-02T19:52:14.408588
2022-03-01,110.2,DE,G47,CA,I21,NETTUR,2026-08-02T19:52:14.408588
2022-04-01,106.5,DE,G47,CA,I21,NETTUR,2026-08-02T19:52:14.408588
2022-05-01,107.8,DE,G47,CA,I21,NETTUR,2026-08-02T19:52:14.408588
2022-06-01,105.3,DE,G47,CA,I21,NETTUR,2026-08-02T19:52:14.408588
2022-07-01,108.5,DE,G47,CA,I21,NETTUR,2026-08-02T19:52:14.408588
2022-08-01,103.0,DE,G47,CA,I21,NETTUR,2026-08-02T19:52:14.408588
2022-09-01,105.9,DE,G47,CA,I21,NETTUR,2026-08-02T19:52:14.408588
2022-10-01,110.2,DE,G47,CA,I21,NETTUR,2026-08-02T19:52:14.408588
2022-11-01,116.8,DE,G47,CA,I21,NETTUR,2026-08-02T19:52:14.408588
2022-12-01,121.6,DE,G47,CA,I21,NETTUR,2026-08-02T19:52:14.408588
2023-01-01,100.6,DE,G47,CA,I21,NETTUR,2026-08-02T19:52:14.408588
2023-02-01,99.2,DE,G47,CA,I21,NETTUR,2026-08-02T19:52:14.408588
2023-03-01,112.3,DE,G47,CA,I21,NETTUR,2026-08-02T19:52:14.408588
2023-04-01,111.0,DE,G47,CA,I21,NETTUR,2026-08-02T19:52:14.408588
2023-05-01,113.3,DE,G47,CA,I21,NETTUR,2026-08-02T19:52:14.408588
2023-06-01,111.2,DE,G47,CA,I21,NETTUR,2026-08-02T19:52:14.408588
2023-07-01,112.3,DE,G47,CA,I21,NETTUR,2026-08-02T19:52:14.408588
2023-08-01,106.2,DE,G47,CA,I21,NETTUR,2026-08-02T19:52:14.408588
2023-09-01,106.4,DE,G47,CA,I21,NETTUR,2026-08-02T19:52:14.408588
2023-10-01,113.6,DE,G47,CA,I21,NETTUR,2026-08-02T19:52:14.408588
2023-11-01,119.0,DE,G47,CA,I21,NETTUR,2026-08-02T19:52:14.408588
2023-12-01,124.0,DE,G47,CA,I21,NETTUR,2026-08-02T19:52:14.408588
2024-01-01,102.8,DE,G47,CA,I21,NETTUR,2026-08-02T19:52:14.408588
2024-02-01,100.4,DE,G47,CA,I21,NETTUR,2026-08-02T19:52:14.408588
2024-03-01,116.7,DE,G47,CA,I21,NETTUR,2026-08-02T19:52:14.408588
2024-04-01,113.7,DE,G47,CA,I21,NETTUR,2026-08-02T19:52:14.408588
2024-05-01,114.4,DE,G47,CA,I21,NETTUR,2026-08-02T19:52:14.408588
2024-06-01,111.1,DE,G47,CA,I21,NETTUR,2026-08-02T19:52:14.408588
2024-07-01,113.5,DE,G47,CA,I21,NETTUR,2026-08-02T19:52:14.408588
2024-08-01,110.2,DE,G47,CA,I21,NETTUR,2026-08-02T19:52:14.408588
2024-09-01,112.2,DE,G47,CA,I21,NETTUR,2026-08-02T19:52:14.408588
2024-10-01,117.7,DE,G47,CA,I21,NETTUR,2026-08-02T19:52:14.408588
2024-11-01,124.9,DE,G47,CA,I21,NETTUR,2026-08-02T19:52:14.408588
2024-12-01,129.2,DE,G47,CA,I21,NETTUR,2026-08-02T19:52:14.408588
2025-01-01,108.4,DE,G47,CA,I21,NETTUR,2026-08-02T19:52:14.408588
2025-02-01,105.9,DE,G47,CA,I21,NETTUR,2026-08-02T19:52:14.408588
2025-03-01,122.4,DE,G47,CA,I21,NETTUR,2026-08-02T19:52:14.408588
2025-04-01,120.1,DE,G47,CA,I21,NETTUR,2026-08-02T19:52:14.408588
2025-05-01,119.7,DE,G47,CA,I21,NETTUR,2026-08-02T19:52:14.408588
2025-06-01,118.4,DE,G47,CA,I21,NETTUR,2026-08-02T19:52:14.408588
2025-07-01,119.4,DE,G47,CA,I21,NETTUR,2026-08-02T19:52:14.408588
2025-08-01,113.9,DE,G47,CA,I21,NETTUR,2026-08-02T19:52:14.408588
2025-09-01,114.6,DE,G47,CA,I21,NETTUR,2026-08-02T19:52:14.408588
2025-10-01,121.7,DE,G47,CA,I21,NETTUR,2026-08-02T19:52:14.408588
2025-11-01,127.9,DE,G47,CA,I21,NETTUR,2026-08-02T19:52:14.408588
2025-12-01,133.6,DE,G47,CA,I21,NETTUR,2026-08-02T19:52:14.408588
2026-01-01,111.2,DE,G47,CA,I21,NETTUR,2026-08-02T19:52:14.408588
2026-02-01,107.8,DE,G47,CA,I21,NETTUR,2026-08-02T19:52:14.408588
2026-03-01,125.2,DE,G47,CA,I21,NETTUR,2026-08-02T19:52:14.408588
2026-04-01,121.8,DE,G47,CA,I21,NETTUR,2026-08-02T19:52:14.408588
2026-05-01,123.6,DE,G47,CA,I21,NETTUR,2026-08-02T19:52:14.408588
